matricula,nombre,apellido
200-83-2116,Jo-anne,Stroyan
868-94-8737,Sadie,Scarman
581-27-3652,Chicky,Glison
835-46-6917,Shelia,Metrick
879-97-3389,Randolf,Shillabeer
296-21-5125,Clementius,Izakoff
503-58-2038,Nanny,Ballentime
151-32-9919,Shirline,Verrall
645-18-3376,Corbett,Perelli
381-60-6132,Ahmad,Pettigree
242-13-8144,Cirilo,Muat
186-04-6624,Delmar,Lightowlers
326-05-3673,Giraud,Vashchenko
379-42-2025,Fidelio,Gyenes
656-95-8852,Raphaela,Perroni
526-94-8433,Paulette,Fortman
315-16-1936,Tuckie,Derrick
836-74-0883,Melinda,Pethybridge
439-50-7022,Zebulen,Amori
151-81-8515,Rhodie,Feige
757-99-4115,Sergio,Boule
754-22-1285,Joanie,Laidler
604-36-3056,Cal,Wondraschek
842-56-1751,Dasi,Clooney
590-66-5544,Pammi,Rohan
696-82-8942,Blaire,Harsnipe
466-05-6334,Maximo,Lints
277-53-2804,Joceline,Unger
809-21-0009,Carney,Spreadbury
638-10-4031,Averil,Brogden
503-74-6569,Margaretta,Rickersey
849-72-2179,Kinny,Burdin
124-53-6655,Cymbre,Niccolls
134-85-2794,Damien,Roncelli
374-19-1385,Jobyna,Poundford
565-97-3285,Cyndi,Anthona
259-95-1992,Winifield,Habble
266-08-4607,Gael,Laverenz
143-27-6050,Lani,Lody
206-65-2963,Anissa,Goodanew
868-75-7343,Miguela,Mundle
435-42-0764,Man,Luckes
866-20-8803,Kristin,Tschursch
665-27-9937,Elmo,Claasen
833-20-9362,Crissie,Kubica
515-02-5887,Farrel,Muskett
695-09-9763,Thibaut,Zannolli
436-83-2294,Judy,Gayforth
846-25-6423,Farlie,Vasic
253-23-8123,Geoffry,Menis
